date,year,month,event_category,event_count,fatalities,geographic_level,country,source
1997-01-01,1997,1,civilian_targeting,1,0.0,national,Uganda,ACLED via HDX
1997-01-01,1997,1,demonstrations,0,,national,Uganda,ACLED via HDX
1997-01-01,1997,1,political_violence,5,16.0,national,Uganda,ACLED via HDX
1997-02-01,1997,2,civilian_targeting,5,27.0,national,Uganda,ACLED via HDX
1997-02-01,1997,2,demonstrations,0,,national,Uganda,ACLED via HDX
1997-02-01,1997,2,political_violence,5,27.0,national,Uganda,ACLED via HDX
1997-03-01,1997,3,civilian_targeting,2,9.0,national,Uganda,ACLED via HDX
1997-03-01,1997,3,demonstrations,1,,national,Uganda,ACLED via HDX
1997-03-01,1997,3,political_violence,3,11.0,national,Uganda,ACLED via HDX
1997-04-01,1997,4,civilian_targeting,0,0.0,national,Uganda,ACLED via HDX
1997-04-01,1997,4,demonstrations,0,,national,Uganda,ACLED via HDX
1997-04-01,1997,4,political_violence,5,188.0,national,Uganda,ACLED via HDX
1997-05-01,1997,5,civilian_targeting,2,152.0,national,Uganda,ACLED via HDX
1997-05-01,1997,5,demonstrations,0,,national,Uganda,ACLED via HDX
1997-05-01,1997,5,political_violence,2,152.0,national,Uganda,ACLED via HDX
1997-06-01,1997,6,civilian_targeting,1,40.0,national,Uganda,ACLED via HDX
1997-06-01,1997,6,demonstrations,0,,national,Uganda,ACLED via HDX
1997-06-01,1997,6,political_violence,12,245.0,national,Uganda,ACLED via HDX
1997-07-01,1997,7,civilian_targeting,5,18.0,national,Uganda,ACLED via HDX
1997-07-01,1997,7,demonstrations,0,,national,Uganda,ACLED via HDX
1997-07-01,1997,7,political_violence,24,130.0,national,Uganda,ACLED via HDX
1997-08-01,1997,8,civilian_targeting,4,15.0,national,Uganda,ACLED via HDX
1997-08-01,1997,8,demonstrations,0,,national,Uganda,ACLED via HDX
1997-08-01,1997,8,political_violence,8,28.0,national,Uganda,ACLED via HDX
1997-09-01,1997,9,civilian_targeting,4,40.0,national,Uganda,ACLED via HDX
1997-09-01,1997,9,demonstrations,0,,national,Uganda,ACLED via HDX
1997-09-01,1997,9,political_violence,13,78.0,national,Uganda,ACLED via HDX
1997-10-01,1997,10,civilian_targeting,4,41.0,national,Uganda,ACLED via HDX
1997-10-01,1997,10,demonstrations,0,,national,Uganda,ACLED via HDX
1997-10-01,1997,10,political_violence,5,42.0,national,Uganda,ACLED via HDX
1997-11-01,1997,11,civilian_targeting,3,8.0,national,Uganda,ACLED via HDX
1997-11-01,1997,11,demonstrations,0,,national,Uganda,ACLED via HDX
1997-11-01,1997,11,political_violence,3,8.0,national,Uganda,ACLED via HDX
1997-12-01,1997,12,civilian_targeting,2,0.0,national,Uganda,ACLED via HDX
1997-12-01,1997,12,demonstrations,0,,national,Uganda,ACLED via HDX
1997-12-01,1997,12,political_violence,4,7.0,national,Uganda,ACLED via HDX
1998-01-01,1998,1,civilian_targeting,3,3.0,national,Uganda,ACLED via HDX
1998-01-01,1998,1,demonstrations,0,,national,Uganda,ACLED via HDX
1998-01-01,1998,1,political_violence,9,21.0,national,Uganda,ACLED via HDX
1998-02-01,1998,2,civilian_targeting,6,14.0,national,Uganda,ACLED via HDX
1998-02-01,1998,2,demonstrations,1,,national,Uganda,ACLED via HDX
1998-02-01,1998,2,political_violence,8,14.0,national,Uganda,ACLED via HDX
1998-03-01,1998,3,civilian_targeting,1,7.0,national,Uganda,ACLED via HDX
1998-03-01,1998,3,demonstrations,1,,national,Uganda,ACLED via HDX
1998-03-01,1998,3,political_violence,4,14.0,national,Uganda,ACLED via HDX
1998-04-01,1998,4,civilian_targeting,19,84.0,national,Uganda,ACLED via HDX
1998-04-01,1998,4,demonstrations,0,,national,Uganda,ACLED via HDX
1998-04-01,1998,4,political_violence,46,186.0,national,Uganda,ACLED via HDX
1998-05-01,1998,5,civilian_targeting,8,2.0,national,Uganda,ACLED via HDX
1998-05-01,1998,5,demonstrations,0,,national,Uganda,ACLED via HDX
1998-05-01,1998,5,political_violence,29,264.0,national,Uganda,ACLED via HDX
1998-06-01,1998,6,civilian_targeting,19,126.0,national,Uganda,ACLED via HDX
1998-06-01,1998,6,demonstrations,1,,national,Uganda,ACLED via HDX
1998-06-01,1998,6,political_violence,27,183.0,national,Uganda,ACLED via HDX
1998-07-01,1998,7,civilian_targeting,5,5.0,national,Uganda,ACLED via HDX
1998-07-01,1998,7,demonstrations,0,,national,Uganda,ACLED via HDX
1998-07-01,1998,7,political_violence,23,130.0,national,Uganda,ACLED via HDX
1998-08-01,1998,8,civilian_targeting,14,57.0,national,Uganda,ACLED via HDX
1998-08-01,1998,8,demonstrations,0,,national,Uganda,ACLED via HDX
1998-08-01,1998,8,political_violence,23,115.0,national,Uganda,ACLED via HDX
1998-09-01,1998,9,civilian_targeting,11,24.0,national,Uganda,ACLED via HDX
1998-09-01,1998,9,demonstrations,0,,national,Uganda,ACLED via HDX
1998-09-01,1998,9,political_violence,24,72.0,national,Uganda,ACLED via HDX
1998-10-01,1998,10,civilian_targeting,8,7.0,national,Uganda,ACLED via HDX
1998-10-01,1998,10,demonstrations,0,,national,Uganda,ACLED via HDX
1998-10-01,1998,10,political_violence,14,15.0,national,Uganda,ACLED via HDX
1998-11-01,1998,11,civilian_targeting,18,25.0,national,Uganda,ACLED via HDX
1998-11-01,1998,11,demonstrations,0,,national,Uganda,ACLED via HDX
1998-11-01,1998,11,political_violence,43,72.0,national,Uganda,ACLED via HDX
1998-12-01,1998,12,civilian_targeting,18,18.0,national,Uganda,ACLED via HDX
1998-12-01,1998,12,demonstrations,0,,national,Uganda,ACLED via HDX
1998-12-01,1998,12,political_violence,28,75.0,national,Uganda,ACLED via HDX
1999-01-01,1999,1,civilian_targeting,10,33.0,national,Uganda,ACLED via HDX
1999-01-01,1999,1,demonstrations,1,,national,Uganda,ACLED via HDX
1999-01-01,1999,1,political_violence,29,97.0,national,Uganda,ACLED via HDX
1999-02-01,1999,2,civilian_targeting,18,60.0,national,Uganda,ACLED via HDX
1999-02-01,1999,2,demonstrations,0,,national,Uganda,ACLED via HDX
1999-02-01,1999,2,political_violence,25,112.0,national,Uganda,ACLED via HDX
1999-03-01,1999,3,civilian_targeting,11,36.0,national,Uganda,ACLED via HDX
1999-03-01,1999,3,demonstrations,0,,national,Uganda,ACLED via HDX
1999-03-01,1999,3,political_violence,18,96.0,national,Uganda,ACLED via HDX
1999-04-01,1999,4,civilian_targeting,26,94.0,national,Uganda,ACLED via HDX
1999-04-01,1999,4,demonstrations,0,,national,Uganda,ACLED via HDX
1999-04-01,1999,4,political_violence,28,106.0,national,Uganda,ACLED via HDX
1999-05-01,1999,5,civilian_targeting,10,17.0,national,Uganda,ACLED via HDX
1999-05-01,1999,5,demonstrations,1,,national,Uganda,ACLED via HDX
1999-05-01,1999,5,political_violence,22,89.0,national,Uganda,ACLED via HDX
1999-06-01,1999,6,civilian_targeting,3,3.0,national,Uganda,ACLED via HDX
1999-06-01,1999,6,demonstrations,1,,national,Uganda,ACLED via HDX
1999-06-01,1999,6,political_violence,3,3.0,national,Uganda,ACLED via HDX
1999-07-01,1999,7,civilian_targeting,11,188.0,national,Uganda,ACLED via HDX
1999-07-01,1999,7,demonstrations,0,,national,Uganda,ACLED via HDX
1999-07-01,1999,7,political_violence,16,219.0,national,Uganda,ACLED via HDX
1999-08-01,1999,8,civilian_targeting,3,6.0,national,Uganda,ACLED via HDX
1999-08-01,1999,8,demonstrations,0,,national,Uganda,ACLED via HDX
1999-08-01,1999,8,political_violence,6,28.0,national,Uganda,ACLED via HDX
1999-09-01,1999,9,civilian_targeting,8,16.0,national,Uganda,ACLED via HDX
1999-09-01,1999,9,demonstrations,0,,national,Uganda,ACLED via HDX
1999-09-01,1999,9,political_violence,25,287.0,national,Uganda,ACLED via HDX
1999-10-01,1999,10,civilian_targeting,3,2.0,national,Uganda,ACLED via HDX
1999-10-01,1999,10,demonstrations,0,,national,Uganda,ACLED via HDX
1999-10-01,1999,10,political_violence,3,2.0,national,Uganda,ACLED via HDX
1999-11-01,1999,11,civilian_targeting,4,12.0,national,Uganda,ACLED via HDX
1999-11-01,1999,11,demonstrations,0,,national,Uganda,ACLED via HDX
1999-11-01,1999,11,political_violence,10,37.0,national,Uganda,ACLED via HDX
1999-12-01,1999,12,civilian_targeting,17,132.0,national,Uganda,ACLED via HDX
1999-12-01,1999,12,demonstrations,0,,national,Uganda,ACLED via HDX
1999-12-01,1999,12,political_violence,48,211.0,national,Uganda,ACLED via HDX
2000-01-01,2000,1,civilian_targeting,21,141.0,national,Uganda,ACLED via HDX
2000-01-01,2000,1,demonstrations,0,,national,Uganda,ACLED via HDX
2000-01-01,2000,1,political_violence,54,209.0,national,Uganda,ACLED via HDX
2000-02-01,2000,2,civilian_targeting,7,55.0,national,Uganda,ACLED via HDX
2000-02-01,2000,2,demonstrations,0,,national,Uganda,ACLED via HDX
2000-02-01,2000,2,political_violence,15,109.0,national,Uganda,ACLED via HDX
2000-03-01,2000,3,civilian_targeting,5,23.0,national,Uganda,ACLED via HDX
2000-03-01,2000,3,demonstrations,0,,national,Uganda,ACLED via HDX
2000-03-01,2000,3,political_violence,9,73.0,national,Uganda,ACLED via HDX
2000-04-01,2000,4,civilian_targeting,12,19.0,national,Uganda,ACLED via HDX
2000-04-01,2000,4,demonstrations,0,,national,Uganda,ACLED via HDX
2000-04-01,2000,4,political_violence,26,132.0,national,Uganda,ACLED via HDX
2000-05-01,2000,5,civilian_targeting,6,11.0,national,Uganda,ACLED via HDX
2000-05-01,2000,5,demonstrations,0,,national,Uganda,ACLED via HDX
2000-05-01,2000,5,political_violence,13,87.0,national,Uganda,ACLED via HDX
2000-06-01,2000,6,civilian_targeting,10,79.0,national,Uganda,ACLED via HDX
2000-06-01,2000,6,demonstrations,0,,national,Uganda,ACLED via HDX
2000-06-01,2000,6,political_violence,20,175.0,national,Uganda,ACLED via HDX
2000-07-01,2000,7,civilian_targeting,8,49.0,national,Uganda,ACLED via HDX
2000-07-01,2000,7,demonstrations,0,,national,Uganda,ACLED via HDX
2000-07-01,2000,7,political_violence,22,218.0,national,Uganda,ACLED via HDX
2000-08-01,2000,8,civilian_targeting,13,47.0,national,Uganda,ACLED via HDX
2000-08-01,2000,8,demonstrations,0,,national,Uganda,ACLED via HDX
2000-08-01,2000,8,political_violence,17,48.0,national,Uganda,ACLED via HDX
2000-09-01,2000,9,civilian_targeting,11,40.0,national,Uganda,ACLED via HDX
2000-09-01,2000,9,demonstrations,0,,national,Uganda,ACLED via HDX
2000-09-01,2000,9,political_violence,19,48.0,national,Uganda,ACLED via HDX
2000-10-01,2000,10,civilian_targeting,5,14.0,national,Uganda,ACLED via HDX
2000-10-01,2000,10,demonstrations,0,,national,Uganda,ACLED via HDX
2000-10-01,2000,10,political_violence,9,22.0,national,Uganda,ACLED via HDX
2000-11-01,2000,11,civilian_targeting,7,12.0,national,Uganda,ACLED via HDX
2000-11-01,2000,11,demonstrations,0,,national,Uganda,ACLED via HDX
2000-11-01,2000,11,political_violence,23,31.0,national,Uganda,ACLED via HDX
2000-12-01,2000,12,civilian_targeting,2,8.0,national,Uganda,ACLED via HDX
2000-12-01,2000,12,demonstrations,1,,national,Uganda,ACLED via HDX
2000-12-01,2000,12,political_violence,6,90.0,national,Uganda,ACLED via HDX
2001-01-01,2001,1,civilian_targeting,3,10.0,national,Uganda,ACLED via HDX
2001-01-01,2001,1,demonstrations,0,,national,Uganda,ACLED via HDX
2001-01-01,2001,1,political_violence,6,27.0,national,Uganda,ACLED via HDX
2001-02-01,2001,2,civilian_targeting,4,0.0,national,Uganda,ACLED via HDX
2001-02-01,2001,2,demonstrations,0,,national,Uganda,ACLED via HDX
2001-02-01,2001,2,political_violence,4,0.0,national,Uganda,ACLED via HDX
2001-03-01,2001,3,civilian_targeting,16,13.0,national,Uganda,ACLED via HDX
2001-03-01,2001,3,demonstrations,1,,national,Uganda,ACLED via HDX
2001-03-01,2001,3,political_violence,30,23.0,national,Uganda,ACLED via HDX
2001-04-01,2001,4,civilian_targeting,6,0.0,national,Uganda,ACLED via HDX
2001-04-01,2001,4,demonstrations,0,,national,Uganda,ACLED via HDX
2001-04-01,2001,4,political_violence,12,15.0,national,Uganda,ACLED via HDX
2001-05-01,2001,5,civilian_targeting,5,8.0,national,Uganda,ACLED via HDX
2001-05-01,2001,5,demonstrations,0,,national,Uganda,ACLED via HDX
2001-05-01,2001,5,political_violence,15,34.0,national,Uganda,ACLED via HDX
2001-06-01,2001,6,civilian_targeting,6,11.0,national,Uganda,ACLED via HDX
2001-06-01,2001,6,demonstrations,3,,national,Uganda,ACLED via HDX
2001-06-01,2001,6,political_violence,11,11.0,national,Uganda,ACLED via HDX
2001-07-01,2001,7,civilian_targeting,1,0.0,national,Uganda,ACLED via HDX
2001-07-01,2001,7,demonstrations,1,,national,Uganda,ACLED via HDX
2001-07-01,2001,7,political_violence,7,11.0,national,Uganda,ACLED via HDX
2001-08-01,2001,8,civilian_targeting,1,0.0,national,Uganda,ACLED via HDX
2001-08-01,2001,8,demonstrations,0,,national,Uganda,ACLED via HDX
2001-08-01,2001,8,political_violence,8,0.0,national,Uganda,ACLED via HDX
2001-09-01,2001,9,civilian_targeting,4,6.0,national,Uganda,ACLED via HDX
2001-09-01,2001,9,demonstrations,0,,national,Uganda,ACLED via HDX
2001-09-01,2001,9,political_violence,4,6.0,national,Uganda,ACLED via HDX
2001-10-01,2001,10,civilian_targeting,3,0.0,national,Uganda,ACLED via HDX
2001-10-01,2001,10,demonstrations,0,,national,Uganda,ACLED via HDX
2001-10-01,2001,10,political_violence,4,0.0,national,Uganda,ACLED via HDX
2001-11-01,2001,11,civilian_targeting,5,0.0,national,Uganda,ACLED via HDX
2001-11-01,2001,11,demonstrations,0,,national,Uganda,ACLED via HDX
2001-11-01,2001,11,political_violence,7,2.0,national,Uganda,ACLED via HDX
2001-12-01,2001,12,civilian_targeting,1,0.0,national,Uganda,ACLED via HDX
2001-12-01,2001,12,demonstrations,0,,national,Uganda,ACLED via HDX
2001-12-01,2001,12,political_violence,1,0.0,national,Uganda,ACLED via HDX
2002-01-01,2002,1,civilian_targeting,4,9.0,national,Uganda,ACLED via HDX
2002-01-01,2002,1,demonstrations,1,,national,Uganda,ACLED via HDX
2002-01-01,2002,1,political_violence,6,9.0,national,Uganda,ACLED via HDX
2002-02-01,2002,2,civilian_targeting,5,18.0,national,Uganda,ACLED via HDX
2002-02-01,2002,2,demonstrations,0,,national,Uganda,ACLED via HDX
2002-02-01,2002,2,political_violence,7,20.0,national,Uganda,ACLED via HDX
2002-03-01,2002,3,civilian_targeting,9,17.0,national,Uganda,ACLED via HDX
2002-03-01,2002,3,demonstrations,1,,national,Uganda,ACLED via HDX
2002-03-01,2002,3,political_violence,11,30.0,national,Uganda,ACLED via HDX
2002-04-01,2002,4,civilian_targeting,3,6.0,national,Uganda,ACLED via HDX
2002-04-01,2002,4,demonstrations,1,,national,Uganda,ACLED via HDX
2002-04-01,2002,4,political_violence,7,21.0,national,Uganda,ACLED via HDX
2002-05-01,2002,5,civilian_targeting,3,7.0,national,Uganda,ACLED via HDX
2002-05-01,2002,5,demonstrations,1,,national,Uganda,ACLED via HDX
2002-05-01,2002,5,political_violence,18,34.0,national,Uganda,ACLED via HDX
2002-06-01,2002,6,civilian_targeting,21,34.0,national,Uganda,ACLED via HDX
2002-06-01,2002,6,demonstrations,0,,national,Uganda,ACLED via HDX
2002-06-01,2002,6,political_violence,30,44.0,national,Uganda,ACLED via HDX
2002-07-01,2002,7,civilian_targeting,28,131.0,national,Uganda,ACLED via HDX
2002-07-01,2002,7,demonstrations,1,,national,Uganda,ACLED via HDX
2002-07-01,2002,7,political_violence,60,383.0,national,Uganda,ACLED via HDX
2002-08-01,2002,8,civilian_targeting,31,55.0,national,Uganda,ACLED via HDX
2002-08-01,2002,8,demonstrations,1,,national,Uganda,ACLED via HDX
2002-08-01,2002,8,political_violence,54,192.0,national,Uganda,ACLED via HDX
2002-09-01,2002,9,civilian_targeting,49,183.0,national,Uganda,ACLED via HDX
2002-09-01,2002,9,demonstrations,0,,national,Uganda,ACLED via HDX
2002-09-01,2002,9,political_violence,80,277.0,national,Uganda,ACLED via HDX
2002-10-01,2002,10,civilian_targeting,24,161.0,national,Uganda,ACLED via HDX
2002-10-01,2002,10,demonstrations,1,,national,Uganda,ACLED via HDX
2002-10-01,2002,10,political_violence,54,270.0,national,Uganda,ACLED via HDX
2002-11-01,2002,11,civilian_targeting,19,131.0,national,Uganda,ACLED via HDX
2002-11-01,2002,11,demonstrations,0,,national,Uganda,ACLED via HDX
2002-11-01,2002,11,political_violence,55,371.0,national,Uganda,ACLED via HDX
2002-12-01,2002,12,civilian_targeting,20,48.0,national,Uganda,ACLED via HDX
2002-12-01,2002,12,demonstrations,0,,national,Uganda,ACLED via HDX
2002-12-01,2002,12,political_violence,73,207.0,national,Uganda,ACLED via HDX
2003-01-01,2003,1,civilian_targeting,20,61.0,national,Uganda,ACLED via HDX
2003-01-01,2003,1,demonstrations,1,,national,Uganda,ACLED via HDX
2003-01-01,2003,1,political_violence,46,163.0,national,Uganda,ACLED via HDX
2003-02-01,2003,2,civilian_targeting,22,161.0,national,Uganda,ACLED via HDX
2003-02-01,2003,2,demonstrations,2,,national,Uganda,ACLED via HDX
2003-02-01,2003,2,political_violence,44,188.0,national,Uganda,ACLED via HDX
2003-03-01,2003,3,civilian_targeting,23,69.0,national,Uganda,ACLED via HDX
2003-03-01,2003,3,demonstrations,0,,national,Uganda,ACLED via HDX
2003-03-01,2003,3,political_violence,46,84.0,national,Uganda,ACLED via HDX
2003-04-01,2003,4,civilian_targeting,27,77.0,national,Uganda,ACLED via HDX
2003-04-01,2003,4,demonstrations,2,,national,Uganda,ACLED via HDX
2003-04-01,2003,4,political_violence,43,127.0,national,Uganda,ACLED via HDX
2003-05-01,2003,5,civilian_targeting,36,90.0,national,Uganda,ACLED via HDX
2003-05-01,2003,5,demonstrations,0,,national,Uganda,ACLED via HDX
2003-05-01,2003,5,political_violence,60,163.0,national,Uganda,ACLED via HDX
2003-06-01,2003,6,civilian_targeting,68,324.0,national,Uganda,ACLED via HDX
2003-06-01,2003,6,demonstrations,0,,national,Uganda,ACLED via HDX
2003-06-01,2003,6,political_violence,101,457.0,national,Uganda,ACLED via HDX
2003-07-01,2003,7,civilian_targeting,24,94.0,national,Uganda,ACLED via HDX
2003-07-01,2003,7,demonstrations,0,,national,Uganda,ACLED via HDX
2003-07-01,2003,7,political_violence,43,135.0,national,Uganda,ACLED via HDX
2003-08-01,2003,8,civilian_targeting,29,284.0,national,Uganda,ACLED via HDX
2003-08-01,2003,8,demonstrations,2,,national,Uganda,ACLED via HDX
2003-08-01,2003,8,political_violence,63,356.0,national,Uganda,ACLED via HDX
2003-09-01,2003,9,civilian_targeting,20,80.0,national,Uganda,ACLED via HDX
2003-09-01,2003,9,demonstrations,0,,national,Uganda,ACLED via HDX
2003-09-01,2003,9,political_violence,43,130.0,national,Uganda,ACLED via HDX
2003-10-01,2003,10,civilian_targeting,31,158.0,national,Uganda,ACLED via HDX
2003-10-01,2003,10,demonstrations,0,,national,Uganda,ACLED via HDX
2003-10-01,2003,10,political_violence,58,237.0,national,Uganda,ACLED via HDX
2003-11-01,2003,11,civilian_targeting,34,377.0,national,Uganda,ACLED via HDX
2003-11-01,2003,11,demonstrations,0,,national,Uganda,ACLED via HDX
2003-11-01,2003,11,political_violence,76,659.0,national,Uganda,ACLED via HDX
2003-12-01,2003,12,civilian_targeting,19,91.0,national,Uganda,ACLED via HDX
2003-12-01,2003,12,demonstrations,1,,national,Uganda,ACLED via HDX
2003-12-01,2003,12,political_violence,28,140.0,national,Uganda,ACLED via HDX
2004-01-01,2004,1,civilian_targeting,11,71.0,national,Uganda,ACLED via HDX
2004-01-01,2004,1,demonstrations,0,,national,Uganda,ACLED via HDX
2004-01-01,2004,1,political_violence,43,146.0,national,Uganda,ACLED via HDX
2004-02-01,2004,2,civilian_targeting,20,466.0,national,Uganda,ACLED via HDX
2004-02-01,2004,2,demonstrations,1,,national,Uganda,ACLED via HDX
2004-02-01,2004,2,political_violence,41,521.0,national,Uganda,ACLED via HDX
2004-03-01,2004,3,civilian_targeting,11,40.0,national,Uganda,ACLED via HDX
2004-03-01,2004,3,demonstrations,0,,national,Uganda,ACLED via HDX
2004-03-01,2004,3,political_violence,37,81.0,national,Uganda,ACLED via HDX
2004-04-01,2004,4,civilian_targeting,26,69.0,national,Uganda,ACLED via HDX
2004-04-01,2004,4,demonstrations,3,,national,Uganda,ACLED via HDX
2004-04-01,2004,4,political_violence,63,214.0,national,Uganda,ACLED via HDX
2004-05-01,2004,5,civilian_targeting,15,44.0,national,Uganda,ACLED via HDX
2004-05-01,2004,5,demonstrations,0,,national,Uganda,ACLED via HDX
2004-05-01,2004,5,political_violence,30,72.0,national,Uganda,ACLED via HDX
2004-06-01,2004,6,civilian_targeting,9,92.0,national,Uganda,ACLED via HDX
2004-06-01,2004,6,demonstrations,1,,national,Uganda,ACLED via HDX
2004-06-01,2004,6,political_violence,29,165.0,national,Uganda,ACLED via HDX
2004-07-01,2004,7,civilian_targeting,2,2.0,national,Uganda,ACLED via HDX
2004-07-01,2004,7,demonstrations,0,,national,Uganda,ACLED via HDX
2004-07-01,2004,7,political_violence,9,25.0,national,Uganda,ACLED via HDX
2004-08-01,2004,8,civilian_targeting,2,26.0,national,Uganda,ACLED via HDX
2004-08-01,2004,8,demonstrations,1,,national,Uganda,ACLED via HDX
2004-08-01,2004,8,political_violence,16,62.0,national,Uganda,ACLED via HDX
2004-09-01,2004,9,civilian_targeting,1,0.0,national,Uganda,ACLED via HDX
2004-09-01,2004,9,demonstrations,1,,national,Uganda,ACLED via HDX
2004-09-01,2004,9,political_violence,11,37.0,national,Uganda,ACLED via HDX
2004-10-01,2004,10,civilian_targeting,2,2.0,national,Uganda,ACLED via HDX
2004-10-01,2004,10,demonstrations,0,,national,Uganda,ACLED via HDX
2004-10-01,2004,10,political_violence,20,52.0,national,Uganda,ACLED via HDX
2004-11-01,2004,11,civilian_targeting,7,10.0,national,Uganda,ACLED via HDX
2004-11-01,2004,11,demonstrations,2,,national,Uganda,ACLED via HDX
2004-11-01,2004,11,political_violence,15,27.0,national,Uganda,ACLED via HDX
2004-12-01,2004,12,civilian_targeting,2,8.0,national,Uganda,ACLED via HDX
2004-12-01,2004,12,demonstrations,0,,national,Uganda,ACLED via HDX
2004-12-01,2004,12,political_violence,11,13.0,national,Uganda,ACLED via HDX
2005-01-01,2005,1,civilian_targeting,7,9.0,national,Uganda,ACLED via HDX
2005-01-01,2005,1,demonstrations,1,,national,Uganda,ACLED via HDX
2005-01-01,2005,1,political_violence,22,65.0,national,Uganda,ACLED via HDX
2005-02-01,2005,2,civilian_targeting,8,55.0,national,Uganda,ACLED via HDX
2005-02-01,2005,2,demonstrations,0,,national,Uganda,ACLED via HDX
2005-02-01,2005,2,political_violence,20,77.0,national,Uganda,ACLED via HDX
2005-03-01,2005,3,civilian_targeting,13,157.0,national,Uganda,ACLED via HDX
2005-03-01,2005,3,demonstrations,4,,national,Uganda,ACLED via HDX
2005-03-01,2005,3,political_violence,36,253.0,national,Uganda,ACLED via HDX
2005-04-01,2005,4,civilian_targeting,10,20.0,national,Uganda,ACLED via HDX
2005-04-01,2005,4,demonstrations,0,,national,Uganda,ACLED via HDX
2005-04-01,2005,4,political_violence,36,131.0,national,Uganda,ACLED via HDX
2005-05-01,2005,5,civilian_targeting,5,7.0,national,Uganda,ACLED via HDX
2005-05-01,2005,5,demonstrations,0,,national,Uganda,ACLED via HDX
2005-05-01,2005,5,political_violence,20,62.0,national,Uganda,ACLED via HDX
2005-06-01,2005,6,civilian_targeting,6,36.0,national,Uganda,ACLED via HDX
2005-06-01,2005,6,demonstrations,3,,national,Uganda,ACLED via HDX
2005-06-01,2005,6,political_violence,17,77.0,national,Uganda,ACLED via HDX
2005-07-01,2005,7,civilian_targeting,8,55.0,national,Uganda,ACLED via HDX
2005-07-01,2005,7,demonstrations,1,,national,Uganda,ACLED via HDX
2005-07-01,2005,7,political_violence,18,87.0,national,Uganda,ACLED via HDX
2005-08-01,2005,8,civilian_targeting,3,20.0,national,Uganda,ACLED via HDX
2005-08-01,2005,8,demonstrations,1,,national,Uganda,ACLED via HDX
2005-08-01,2005,8,political_violence,14,90.0,national,Uganda,ACLED via HDX
2005-09-01,2005,9,civilian_targeting,5,19.0,national,Uganda,ACLED via HDX
2005-09-01,2005,9,demonstrations,0,,national,Uganda,ACLED via HDX
2005-09-01,2005,9,political_violence,18,72.0,national,Uganda,ACLED via HDX
2005-10-01,2005,10,civilian_targeting,9,51.0,national,Uganda,ACLED via HDX
2005-10-01,2005,10,demonstrations,0,,national,Uganda,ACLED via HDX
2005-10-01,2005,10,political_violence,21,96.0,national,Uganda,ACLED via HDX
2005-11-01,2005,11,civilian_targeting,3,6.0,national,Uganda,ACLED via HDX
2005-11-01,2005,11,demonstrations,5,,national,Uganda,ACLED via HDX
2005-11-01,2005,11,political_violence,7,6.0,national,Uganda,ACLED via HDX
2005-12-01,2005,12,civilian_targeting,3,2.0,national,Uganda,ACLED via HDX
2005-12-01,2005,12,demonstrations,0,,national,Uganda,ACLED via HDX
2005-12-01,2005,12,political_violence,32,61.0,national,Uganda,ACLED via HDX
2006-01-01,2006,1,civilian_targeting,3,10.0,national,Uganda,ACLED via HDX
2006-01-01,2006,1,demonstrations,0,,national,Uganda,ACLED via HDX
2006-01-01,2006,1,political_violence,16,86.0,national,Uganda,ACLED via HDX
2006-02-01,2006,2,civilian_targeting,4,10.0,national,Uganda,ACLED via HDX
2006-02-01,2006,2,demonstrations,4,,national,Uganda,ACLED via HDX
2006-02-01,2006,2,political_violence,15,52.0,national,Uganda,ACLED via HDX
2006-03-01,2006,3,civilian_targeting,7,50.0,national,Uganda,ACLED via HDX
2006-03-01,2006,3,demonstrations,1,,national,Uganda,ACLED via HDX
2006-03-01,2006,3,political_violence,20,94.0,national,Uganda,ACLED via HDX
2006-04-01,2006,4,civilian_targeting,4,15.0,national,Uganda,ACLED via HDX
2006-04-01,2006,4,demonstrations,0,,national,Uganda,ACLED via HDX
2006-04-01,2006,4,political_violence,18,57.0,national,Uganda,ACLED via HDX
2006-05-01,2006,5,civilian_targeting,38,47.0,national,Uganda,ACLED via HDX
2006-05-01,2006,5,demonstrations,0,,national,Uganda,ACLED via HDX
2006-05-01,2006,5,political_violence,56,113.0,national,Uganda,ACLED via HDX
2006-06-01,2006,6,civilian_targeting,40,51.0,national,Uganda,ACLED via HDX
2006-06-01,2006,6,demonstrations,0,,national,Uganda,ACLED via HDX
2006-06-01,2006,6,political_violence,59,102.0,national,Uganda,ACLED via HDX
2006-07-01,2006,7,civilian_targeting,37,45.0,national,Uganda,ACLED via HDX
2006-07-01,2006,7,demonstrations,0,,national,Uganda,ACLED via HDX
2006-07-01,2006,7,political_violence,43,84.0,national,Uganda,ACLED via HDX
2006-08-01,2006,8,civilian_targeting,2,0.0,national,Uganda,ACLED via HDX
2006-08-01,2006,8,demonstrations,1,,national,Uganda,ACLED via HDX
2006-08-01,2006,8,political_violence,17,21.0,national,Uganda,ACLED via HDX
2006-09-01,2006,9,civilian_targeting,4,3.0,national,Uganda,ACLED via HDX
2006-09-01,2006,9,demonstrations,1,,national,Uganda,ACLED via HDX
2006-09-01,2006,9,political_violence,7,9.0,national,Uganda,ACLED via HDX
2006-10-01,2006,10,civilian_targeting,1,0.0,national,Uganda,ACLED via HDX
2006-10-01,2006,10,demonstrations,0,,national,Uganda,ACLED via HDX
2006-10-01,2006,10,political_violence,6,71.0,national,Uganda,ACLED via HDX
2006-11-01,2006,11,civilian_targeting,4,18.0,national,Uganda,ACLED via HDX
2006-11-01,2006,11,demonstrations,2,,national,Uganda,ACLED via HDX
2006-11-01,2006,11,political_violence,6,30.0,national,Uganda,ACLED via HDX
2006-12-01,2006,12,civilian_targeting,2,2.0,national,Uganda,ACLED via HDX
2006-12-01,2006,12,demonstrations,0,,national,Uganda,ACLED via HDX
2006-12-01,2006,12,political_violence,3,4.0,national,Uganda,ACLED via HDX
2007-01-01,2007,1,civilian_targeting,4,11.0,national,Uganda,ACLED via HDX
2007-01-01,2007,1,demonstrations,2,,national,Uganda,ACLED via HDX
2007-01-01,2007,1,political_violence,4,11.0,national,Uganda,ACLED via HDX
2007-02-01,2007,2,civilian_targeting,4,28.0,national,Uganda,ACLED via HDX
2007-02-01,2007,2,demonstrations,0,,national,Uganda,ACLED via HDX
2007-02-01,2007,2,political_violence,10,62.0,national,Uganda,ACLED via HDX
2007-03-01,2007,3,civilian_targeting,2,6.0,national,Uganda,ACLED via HDX
2007-03-01,2007,3,demonstrations,3,,national,Uganda,ACLED via HDX
2007-03-01,2007,3,political_violence,13,128.0,national,Uganda,ACLED via HDX
2007-04-01,2007,4,civilian_targeting,5,2.0,national,Uganda,ACLED via HDX
2007-04-01,2007,4,demonstrations,5,,national,Uganda,ACLED via HDX
2007-04-01,2007,4,political_violence,9,23.0,national,Uganda,ACLED via HDX
2007-05-01,2007,5,civilian_targeting,2,3.0,national,Uganda,ACLED via HDX
2007-05-01,2007,5,demonstrations,0,,national,Uganda,ACLED via HDX
2007-05-01,2007,5,political_violence,4,9.0,national,Uganda,ACLED via HDX
2007-06-01,2007,6,civilian_targeting,2,3.0,national,Uganda,ACLED via HDX
2007-06-01,2007,6,demonstrations,0,,national,Uganda,ACLED via HDX
2007-06-01,2007,6,political_violence,5,3.0,national,Uganda,ACLED via HDX
2007-07-01,2007,7,civilian_targeting,2,1.0,national,Uganda,ACLED via HDX
2007-07-01,2007,7,demonstrations,1,,national,Uganda,ACLED via HDX
2007-07-01,2007,7,political_violence,4,9.0,national,Uganda,ACLED via HDX
2007-08-01,2007,8,civilian_targeting,3,8.0,national,Uganda,ACLED via HDX
2007-08-01,2007,8,demonstrations,1,,national,Uganda,ACLED via HDX
2007-08-01,2007,8,political_violence,6,10.0,national,Uganda,ACLED via HDX
2007-09-01,2007,9,civilian_targeting,2,7.0,national,Uganda,ACLED via HDX
2007-09-01,2007,9,demonstrations,4,,national,Uganda,ACLED via HDX
2007-09-01,2007,9,political_violence,4,7.0,national,Uganda,ACLED via HDX
2007-10-01,2007,10,civilian_targeting,1,1.0,national,Uganda,ACLED via HDX
2007-10-01,2007,10,demonstrations,0,,national,Uganda,ACLED via HDX
2007-10-01,2007,10,political_violence,4,7.0,national,Uganda,ACLED via HDX
2007-11-01,2007,11,civilian_targeting,7,13.0,national,Uganda,ACLED via HDX
2007-11-01,2007,11,demonstrations,3,,national,Uganda,ACLED via HDX
2007-11-01,2007,11,political_violence,10,21.0,national,Uganda,ACLED via HDX
2007-12-01,2007,12,civilian_targeting,0,0.0,national,Uganda,ACLED via HDX
2007-12-01,2007,12,demonstrations,1,,national,Uganda,ACLED via HDX
2007-12-01,2007,12,political_violence,2,2.0,national,Uganda,ACLED via HDX
2008-01-01,2008,1,civilian_targeting,0,0.0,national,Uganda,ACLED via HDX
2008-01-01,2008,1,demonstrations,0,,national,Uganda,ACLED via HDX
2008-01-01,2008,1,political_violence,1,0.0,national,Uganda,ACLED via HDX
2008-02-01,2008,2,civilian_targeting,4,6.0,national,Uganda,ACLED via HDX
2008-02-01,2008,2,demonstrations,6,,national,Uganda,ACLED via HDX
2008-02-01,2008,2,political_violence,4,6.0,national,Uganda,ACLED via HDX
2008-03-01,2008,3,civilian_targeting,7,22.0,national,Uganda,ACLED via HDX
2008-03-01,2008,3,demonstrations,0,,national,Uganda,ACLED via HDX
2008-03-01,2008,3,political_violence,11,25.0,national,Uganda,ACLED via HDX
2008-04-01,2008,4,civilian_targeting,4,4.0,national,Uganda,ACLED via HDX
2008-04-01,2008,4,demonstrations,4,,national,Uganda,ACLED via HDX
2008-04-01,2008,4,political_violence,4,4.0,national,Uganda,ACLED via HDX
2008-05-01,2008,5,civilian_targeting,3,3.0,national,Uganda,ACLED via HDX
2008-05-01,2008,5,demonstrations,1,,national,Uganda,ACLED via HDX
2008-05-01,2008,5,political_violence,5,5.0,national,Uganda,ACLED via HDX
2008-06-01,2008,6,civilian_targeting,6,33.0,national,Uganda,ACLED via HDX
2008-06-01,2008,6,demonstrations,3,,national,Uganda,ACLED via HDX
2008-06-01,2008,6,political_violence,6,33.0,national,Uganda,ACLED via HDX
2008-07-01,2008,7,civilian_targeting,2,4.0,national,Uganda,ACLED via HDX
2008-07-01,2008,7,demonstrations,0,,national,Uganda,ACLED via HDX
2008-07-01,2008,7,political_violence,8,4.0,national,Uganda,ACLED via HDX
2008-08-01,2008,8,civilian_targeting,4,1.0,national,Uganda,ACLED via HDX
2008-08-01,2008,8,demonstrations,1,,national,Uganda,ACLED via HDX
2008-08-01,2008,8,political_violence,13,29.0,national,Uganda,ACLED via HDX
2008-09-01,2008,9,civilian_targeting,2,12.0,national,Uganda,ACLED via HDX
2008-09-01,2008,9,demonstrations,1,,national,Uganda,ACLED via HDX
2008-09-01,2008,9,political_violence,6,48.0,national,Uganda,ACLED via HDX
2008-10-01,2008,10,civilian_targeting,3,14.0,national,Uganda,ACLED via HDX
2008-10-01,2008,10,demonstrations,1,,national,Uganda,ACLED via HDX
2008-10-01,2008,10,political_violence,5,16.0,national,Uganda,ACLED via HDX
2008-11-01,2008,11,civilian_targeting,3,3.0,national,Uganda,ACLED via HDX
2008-11-01,2008,11,demonstrations,3,,national,Uganda,ACLED via HDX
2008-11-01,2008,11,political_violence,3,3.0,national,Uganda,ACLED via HDX
2008-12-01,2008,12,civilian_targeting,0,0.0,national,Uganda,ACLED via HDX
2008-12-01,2008,12,demonstrations,1,,national,Uganda,ACLED via HDX
2008-12-01,2008,12,political_violence,0,0.0,national,Uganda,ACLED via HDX
2009-01-01,2009,1,civilian_targeting,1,0.0,national,Uganda,ACLED via HDX
2009-01-01,2009,1,demonstrations,0,,national,Uganda,ACLED via HDX
2009-01-01,2009,1,political_violence,3,10.0,national,Uganda,ACLED via HDX
2009-02-01,2009,2,civilian_targeting,3,5.0,national,Uganda,ACLED via HDX
2009-02-01,2009,2,demonstrations,1,,national,Uganda,ACLED via HDX
2009-02-01,2009,2,political_violence,3,5.0,national,Uganda,ACLED via HDX
2009-03-01,2009,3,civilian_targeting,0,0.0,national,Uganda,ACLED via HDX
2009-03-01,2009,3,demonstrations,5,,national,Uganda,ACLED via HDX
2009-03-01,2009,3,political_violence,1,0.0,national,Uganda,ACLED via HDX
2009-04-01,2009,4,civilian_targeting,2,7.0,national,Uganda,ACLED via HDX
2009-04-01,2009,4,demonstrations,3,,national,Uganda,ACLED via HDX
2009-04-01,2009,4,political_violence,4,7.0,national,Uganda,ACLED via HDX
2009-05-01,2009,5,civilian_targeting,1,10.0,national,Uganda,ACLED via HDX
2009-05-01,2009,5,demonstrations,4,,national,Uganda,ACLED via HDX
2009-05-01,2009,5,political_violence,5,27.0,national,Uganda,ACLED via HDX
2009-06-01,2009,6,civilian_targeting,5,12.0,national,Uganda,ACLED via HDX
2009-06-01,2009,6,demonstrations,4,,national,Uganda,ACLED via HDX
2009-06-01,2009,6,political_violence,12,26.0,national,Uganda,ACLED via HDX
2009-07-01,2009,7,civilian_targeting,2,1.0,national,Uganda,ACLED via HDX
2009-07-01,2009,7,demonstrations,3,,national,Uganda,ACLED via HDX
2009-07-01,2009,7,political_violence,4,1.0,national,Uganda,ACLED via HDX
2009-08-01,2009,8,civilian_targeting,2,0.0,national,Uganda,ACLED via HDX
2009-08-01,2009,8,demonstrations,3,,national,Uganda,ACLED via HDX
2009-08-01,2009,8,political_violence,4,2.0,national,Uganda,ACLED via HDX
2009-09-01,2009,9,civilian_targeting,10,4.0,national,Uganda,ACLED via HDX
2009-09-01,2009,9,demonstrations,15,,national,Uganda,ACLED via HDX
2009-09-01,2009,9,political_violence,10,4.0,national,Uganda,ACLED via HDX
2009-10-01,2009,10,civilian_targeting,1,0.0,national,Uganda,ACLED via HDX
2009-10-01,2009,10,demonstrations,2,,national,Uganda,ACLED via HDX
2009-10-01,2009,10,political_violence,5,7.0,national,Uganda,ACLED via HDX
2009-11-01,2009,11,civilian_targeting,4,0.0,national,Uganda,ACLED via HDX
2009-11-01,2009,11,demonstrations,0,,national,Uganda,ACLED via HDX
2009-11-01,2009,11,political_violence,13,30.0,national,Uganda,ACLED via HDX
2009-12-01,2009,12,civilian_targeting,4,2.0,national,Uganda,ACLED via HDX
2009-12-01,2009,12,demonstrations,2,,national,Uganda,ACLED via HDX
2009-12-01,2009,12,political_violence,9,12.0,national,Uganda,ACLED via HDX
2010-01-01,2010,1,civilian_targeting,9,33.0,national,Uganda,ACLED via HDX
2010-01-01,2010,1,demonstrations,2,,national,Uganda,ACLED via HDX
2010-01-01,2010,1,political_violence,13,33.0,national,Uganda,ACLED via HDX
2010-02-01,2010,2,civilian_targeting,4,4.0,national,Uganda,ACLED via HDX
2010-02-01,2010,2,demonstrations,1,,national,Uganda,ACLED via HDX
2010-02-01,2010,2,political_violence,6,5.0,national,Uganda,ACLED via HDX
2010-03-01,2010,3,civilian_targeting,6,7.0,national,Uganda,ACLED via HDX
2010-03-01,2010,3,demonstrations,8,,national,Uganda,ACLED via HDX
2010-03-01,2010,3,political_violence,10,18.0,national,Uganda,ACLED via HDX
2010-04-01,2010,4,civilian_targeting,5,12.0,national,Uganda,ACLED via HDX
2010-04-01,2010,4,demonstrations,3,,national,Uganda,ACLED via HDX
2010-04-01,2010,4,political_violence,12,57.0,national,Uganda,ACLED via HDX
2010-05-01,2010,5,civilian_targeting,5,5.0,national,Uganda,ACLED via HDX
2010-05-01,2010,5,demonstrations,2,,national,Uganda,ACLED via HDX
2010-05-01,2010,5,political_violence,6,5.0,national,Uganda,ACLED via HDX
2010-06-01,2010,6,civilian_targeting,6,2.0,national,Uganda,ACLED via HDX
2010-06-01,2010,6,demonstrations,6,,national,Uganda,ACLED via HDX
2010-06-01,2010,6,political_violence,8,12.0,national,Uganda,ACLED via HDX
2010-07-01,2010,7,civilian_targeting,2,77.0,national,Uganda,ACLED via HDX
2010-07-01,2010,7,demonstrations,0,,national,Uganda,ACLED via HDX
2010-07-01,2010,7,political_violence,2,77.0,national,Uganda,ACLED via HDX
2010-08-01,2010,8,civilian_targeting,6,3.0,national,Uganda,ACLED via HDX
2010-08-01,2010,8,demonstrations,3,,national,Uganda,ACLED via HDX
2010-08-01,2010,8,political_violence,8,3.0,national,Uganda,ACLED via HDX
2010-09-01,2010,9,civilian_targeting,6,7.0,national,Uganda,ACLED via HDX
2010-09-01,2010,9,demonstrations,4,,national,Uganda,ACLED via HDX
2010-09-01,2010,9,political_violence,9,10.0,national,Uganda,ACLED via HDX
2010-10-01,2010,10,civilian_targeting,5,6.0,national,Uganda,ACLED via HDX
2010-10-01,2010,10,demonstrations,4,,national,Uganda,ACLED via HDX
2010-10-01,2010,10,political_violence,11,53.0,national,Uganda,ACLED via HDX
2010-11-01,2010,11,civilian_targeting,1,0.0,national,Uganda,ACLED via HDX
2010-11-01,2010,11,demonstrations,0,,national,Uganda,ACLED via HDX
2010-11-01,2010,11,political_violence,2,10.0,national,Uganda,ACLED via HDX
2010-12-01,2010,12,civilian_targeting,0,0.0,national,Uganda,ACLED via HDX
2010-12-01,2010,12,demonstrations,1,,national,Uganda,ACLED via HDX
2010-12-01,2010,12,political_violence,0,0.0,national,Uganda,ACLED via HDX
2011-01-01,2011,1,civilian_targeting,3,1.0,national,Uganda,ACLED via HDX
2011-01-01,2011,1,demonstrations,2,,national,Uganda,ACLED via HDX
2011-01-01,2011,1,political_violence,6,1.0,national,Uganda,ACLED via HDX
2011-02-01,2011,2,civilian_targeting,8,0.0,national,Uganda,ACLED via HDX
2011-02-01,2011,2,demonstrations,4,,national,Uganda,ACLED via HDX
2011-02-01,2011,2,political_violence,15,2.0,national,Uganda,ACLED via HDX
2011-03-01,2011,3,civilian_targeting,4,1.0,national,Uganda,ACLED via HDX
2011-03-01,2011,3,demonstrations,9,,national,Uganda,ACLED via HDX
2011-03-01,2011,3,political_violence,5,3.0,national,Uganda,ACLED via HDX
2011-04-01,2011,4,civilian_targeting,18,9.0,national,Uganda,ACLED via HDX
2011-04-01,2011,4,demonstrations,27,,national,Uganda,ACLED via HDX
2011-04-01,2011,4,political_violence,19,11.0,national,Uganda,ACLED via HDX
2011-05-01,2011,5,civilian_targeting,7,0.0,national,Uganda,ACLED via HDX
2011-05-01,2011,5,demonstrations,14,,national,Uganda,ACLED via HDX
2011-05-01,2011,5,political_violence,9,1.0,national,Uganda,ACLED via HDX
2011-06-01,2011,6,civilian_targeting,0,0.0,national,Uganda,ACLED via HDX
2011-06-01,2011,6,demonstrations,0,,national,Uganda,ACLED via HDX
2011-06-01,2011,6,political_violence,0,0.0,national,Uganda,ACLED via HDX
2011-07-01,2011,7,civilian_targeting,2,2.0,national,Uganda,ACLED via HDX
2011-07-01,2011,7,demonstrations,0,,national,Uganda,ACLED via HDX
2011-07-01,2011,7,political_violence,2,2.0,national,Uganda,ACLED via HDX
2011-08-01,2011,8,civilian_targeting,0,0.0,national,Uganda,ACLED via HDX
2011-08-01,2011,8,demonstrations,3,,national,Uganda,ACLED via HDX
2011-08-01,2011,8,political_violence,0,0.0,national,Uganda,ACLED via HDX
2011-09-01,2011,9,civilian_targeting,1,0.0,national,Uganda,ACLED via HDX
2011-09-01,2011,9,demonstrations,0,,national,Uganda,ACLED via HDX
2011-09-01,2011,9,political_violence,2,0.0,national,Uganda,ACLED via HDX
2011-10-01,2011,10,civilian_targeting,0,0.0,national,Uganda,ACLED via HDX
2011-10-01,2011,10,demonstrations,2,,national,Uganda,ACLED via HDX
2011-10-01,2011,10,political_violence,1,0.0,national,Uganda,ACLED via HDX
2011-11-01,2011,11,civilian_targeting,1,1.0,national,Uganda,ACLED via HDX
2011-11-01,2011,11,demonstrations,2,,national,Uganda,ACLED via HDX
2011-11-01,2011,11,political_violence,1,1.0,national,Uganda,ACLED via HDX
2011-12-01,2011,12,civilian_targeting,2,1.0,national,Uganda,ACLED via HDX
2011-12-01,2011,12,demonstrations,2,,national,Uganda,ACLED via HDX
2011-12-01,2011,12,political_violence,2,1.0,national,Uganda,ACLED via HDX
2012-01-01,2012,1,civilian_targeting,4,1.0,national,Uganda,ACLED via HDX
2012-01-01,2012,1,demonstrations,10,,national,Uganda,ACLED via HDX
2012-01-01,2012,1,political_violence,5,1.0,national,Uganda,ACLED via HDX
2012-02-01,2012,2,civilian_targeting,0,0.0,national,Uganda,ACLED via HDX
2012-02-01,2012,2,demonstrations,11,,national,Uganda,ACLED via HDX
2012-02-01,2012,2,political_violence,1,0.0,national,Uganda,ACLED via HDX
2012-03-01,2012,3,civilian_targeting,6,0.0,national,Uganda,ACLED via HDX
2012-03-01,2012,3,demonstrations,11,,national,Uganda,ACLED via HDX
2012-03-01,2012,3,political_violence,6,0.0,national,Uganda,ACLED via HDX
2012-04-01,2012,4,civilian_targeting,3,0.0,national,Uganda,ACLED via HDX
2012-04-01,2012,4,demonstrations,7,,national,Uganda,ACLED via HDX
2012-04-01,2012,4,political_violence,4,0.0,national,Uganda,ACLED via HDX
2012-05-01,2012,5,civilian_targeting,4,3.0,national,Uganda,ACLED via HDX
2012-05-01,2012,5,demonstrations,4,,national,Uganda,ACLED via HDX
2012-05-01,2012,5,political_violence,4,3.0,national,Uganda,ACLED via HDX
2012-06-01,2012,6,civilian_targeting,1,0.0,national,Uganda,ACLED via HDX
2012-06-01,2012,6,demonstrations,6,,national,Uganda,ACLED via HDX
2012-06-01,2012,6,political_violence,1,0.0,national,Uganda,ACLED via HDX
2012-07-01,2012,7,civilian_targeting,1,0.0,national,Uganda,ACLED via HDX
2012-07-01,2012,7,demonstrations,1,,national,Uganda,ACLED via HDX
2012-07-01,2012,7,political_violence,3,5.0,national,Uganda,ACLED via HDX
2012-08-01,2012,8,civilian_targeting,1,0.0,national,Uganda,ACLED via HDX
2012-08-01,2012,8,demonstrations,1,,national,Uganda,ACLED via HDX
2012-08-01,2012,8,political_violence,2,0.0,national,Uganda,ACLED via HDX
2012-09-01,2012,9,civilian_targeting,1,0.0,national,Uganda,ACLED via HDX
2012-09-01,2012,9,demonstrations,1,,national,Uganda,ACLED via HDX
2012-09-01,2012,9,political_violence,1,0.0,national,Uganda,ACLED via HDX
2012-10-01,2012,10,civilian_targeting,3,2.0,national,Uganda,ACLED via HDX
2012-10-01,2012,10,demonstrations,9,,national,Uganda,ACLED via HDX
2012-10-01,2012,10,political_violence,5,4.0,national,Uganda,ACLED via HDX
2012-11-01,2012,11,civilian_targeting,0,0.0,national,Uganda,ACLED via HDX
2012-11-01,2012,11,demonstrations,12,,national,Uganda,ACLED via HDX
2012-11-01,2012,11,political_violence,0,0.0,national,Uganda,ACLED via HDX
2012-12-01,2012,12,civilian_targeting,1,1.0,national,Uganda,ACLED via HDX
2012-12-01,2012,12,demonstrations,9,,national,Uganda,ACLED via HDX
2012-12-01,2012,12,political_violence,3,3.0,national,Uganda,ACLED via HDX
2013-01-01,2013,1,civilian_targeting,2,0.0,national,Uganda,ACLED via HDX
2013-01-01,2013,1,demonstrations,5,,national,Uganda,ACLED via HDX
2013-01-01,2013,1,political_violence,2,0.0,national,Uganda,ACLED via HDX
2013-02-01,2013,2,civilian_targeting,2,1.0,national,Uganda,ACLED via HDX
2013-02-01,2013,2,demonstrations,8,,national,Uganda,ACLED via HDX
2013-02-01,2013,2,political_violence,2,1.0,national,Uganda,ACLED via HDX
2013-03-01,2013,3,civilian_targeting,2,2.0,national,Uganda,ACLED via HDX
2013-03-01,2013,3,demonstrations,3,,national,Uganda,ACLED via HDX
2013-03-01,2013,3,political_violence,3,3.0,national,Uganda,ACLED via HDX
2013-04-01,2013,4,civilian_targeting,0,0.0,national,Uganda,ACLED via HDX
2013-04-01,2013,4,demonstrations,6,,national,Uganda,ACLED via HDX
2013-04-01,2013,4,political_violence,0,0.0,national,Uganda,ACLED via HDX
2013-05-01,2013,5,civilian_targeting,2,0.0,national,Uganda,ACLED via HDX
2013-05-01,2013,5,demonstrations,9,,national,Uganda,ACLED via HDX
2013-05-01,2013,5,political_violence,3,0.0,national,Uganda,ACLED via HDX
2013-06-01,2013,6,civilian_targeting,6,0.0,national,Uganda,ACLED via HDX
2013-06-01,2013,6,demonstrations,6,,national,Uganda,ACLED via HDX
2013-06-01,2013,6,political_violence,6,0.0,national,Uganda,ACLED via HDX
2013-07-01,2013,7,civilian_targeting,3,1.0,national,Uganda,ACLED via HDX
2013-07-01,2013,7,demonstrations,32,,national,Uganda,ACLED via HDX
2013-07-01,2013,7,political_violence,3,1.0,national,Uganda,ACLED via HDX
2013-08-01,2013,8,civilian_targeting,1,0.0,national,Uganda,ACLED via HDX
2013-08-01,2013,8,demonstrations,0,,national,Uganda,ACLED via HDX
2013-08-01,2013,8,political_violence,2,1.0,national,Uganda,ACLED via HDX
2013-09-01,2013,9,civilian_targeting,0,0.0,national,Uganda,ACLED via HDX
2013-09-01,2013,9,demonstrations,6,,national,Uganda,ACLED via HDX
2013-09-01,2013,9,political_violence,3,18.0,national,Uganda,ACLED via HDX
2013-10-01,2013,10,civilian_targeting,6,6.0,national,Uganda,ACLED via HDX
2013-10-01,2013,10,demonstrations,2,,national,Uganda,ACLED via HDX
2013-10-01,2013,10,political_violence,8,10.0,national,Uganda,ACLED via HDX
2013-11-01,2013,11,civilian_targeting,1,0.0,national,Uganda,ACLED via HDX
2013-11-01,2013,11,demonstrations,4,,national,Uganda,ACLED via HDX
2013-11-01,2013,11,political_violence,1,0.0,national,Uganda,ACLED via HDX
2013-12-01,2013,12,civilian_targeting,0,0.0,national,Uganda,ACLED via HDX
2013-12-01,2013,12,demonstrations,0,,national,Uganda,ACLED via HDX
2013-12-01,2013,12,political_violence,0,0.0,national,Uganda,ACLED via HDX
2014-01-01,2014,1,civilian_targeting,3,4.0,national,Uganda,ACLED via HDX
2014-01-01,2014,1,demonstrations,0,,national,Uganda,ACLED via HDX
2014-01-01,2014,1,political_violence,4,4.0,national,Uganda,ACLED via HDX
2014-02-01,2014,2,civilian_targeting,7,5.0,national,Uganda,ACLED via HDX
2014-02-01,2014,2,demonstrations,2,,national,Uganda,ACLED via HDX
2014-02-01,2014,2,political_violence,9,9.0,national,Uganda,ACLED via HDX
2014-03-01,2014,3,civilian_targeting,5,1.0,national,Uganda,ACLED via HDX
2014-03-01,2014,3,demonstrations,1,,national,Uganda,ACLED via HDX
2014-03-01,2014,3,political_violence,6,3.0,national,Uganda,ACLED via HDX
2014-04-01,2014,4,civilian_targeting,2,11.0,national,Uganda,ACLED via HDX
2014-04-01,2014,4,demonstrations,3,,national,Uganda,ACLED via HDX
2014-04-01,2014,4,political_violence,2,11.0,national,Uganda,ACLED via HDX
2014-05-01,2014,5,civilian_targeting,2,0.0,national,Uganda,ACLED via HDX
2014-05-01,2014,5,demonstrations,0,,national,Uganda,ACLED via HDX
2014-05-01,2014,5,political_violence,3,0.0,national,Uganda,ACLED via HDX
2014-06-01,2014,6,civilian_targeting,4,7.0,national,Uganda,ACLED via HDX
2014-06-01,2014,6,demonstrations,3,,national,Uganda,ACLED via HDX
2014-06-01,2014,6,political_violence,4,7.0,national,Uganda,ACLED via HDX
2014-07-01,2014,7,civilian_targeting,10,53.0,national,Uganda,ACLED via HDX
2014-07-01,2014,7,demonstrations,3,,national,Uganda,ACLED via HDX
2014-07-01,2014,7,political_violence,14,143.0,national,Uganda,ACLED via HDX
2014-08-01,2014,8,civilian_targeting,2,0.0,national,Uganda,ACLED via HDX
2014-08-01,2014,8,demonstrations,5,,national,Uganda,ACLED via HDX
2014-08-01,2014,8,political_violence,3,0.0,national,Uganda,ACLED via HDX
2014-09-01,2014,9,civilian_targeting,5,7.0,national,Uganda,ACLED via HDX
2014-09-01,2014,9,demonstrations,4,,national,Uganda,ACLED via HDX
2014-09-01,2014,9,political_violence,5,7.0,national,Uganda,ACLED via HDX
2014-10-01,2014,10,civilian_targeting,5,2.0,national,Uganda,ACLED via HDX
2014-10-01,2014,10,demonstrations,10,,national,Uganda,ACLED via HDX
2014-10-01,2014,10,political_violence,9,6.0,national,Uganda,ACLED via HDX
2014-11-01,2014,11,civilian_targeting,1,0.0,national,Uganda,ACLED via HDX
2014-11-01,2014,11,demonstrations,5,,national,Uganda,ACLED via HDX
2014-11-01,2014,11,political_violence,1,0.0,national,Uganda,ACLED via HDX
2014-12-01,2014,12,civilian_targeting,5,4.0,national,Uganda,ACLED via HDX
2014-12-01,2014,12,demonstrations,2,,national,Uganda,ACLED via HDX
2014-12-01,2014,12,political_violence,6,4.0,national,Uganda,ACLED via HDX
2015-01-01,2015,1,civilian_targeting,3,1.0,national,Uganda,ACLED via HDX
2015-01-01,2015,1,demonstrations,2,,national,Uganda,ACLED via HDX
2015-01-01,2015,1,political_violence,5,2.0,national,Uganda,ACLED via HDX
2015-02-01,2015,2,civilian_targeting,1,1.0,national,Uganda,ACLED via HDX
2015-02-01,2015,2,demonstrations,1,,national,Uganda,ACLED via HDX
2015-02-01,2015,2,political_violence,2,1.0,national,Uganda,ACLED via HDX
2015-03-01,2015,3,civilian_targeting,4,5.0,national,Uganda,ACLED via HDX
2015-03-01,2015,3,demonstrations,2,,national,Uganda,ACLED via HDX
2015-03-01,2015,3,political_violence,5,5.0,national,Uganda,ACLED via HDX
2015-04-01,2015,4,civilian_targeting,4,3.0,national,Uganda,ACLED via HDX
2015-04-01,2015,4,demonstrations,8,,national,Uganda,ACLED via HDX
2015-04-01,2015,4,political_violence,5,4.0,national,Uganda,ACLED via HDX
2015-05-01,2015,5,civilian_targeting,3,3.0,national,Uganda,ACLED via HDX
2015-05-01,2015,5,demonstrations,12,,national,Uganda,ACLED via HDX
2015-05-01,2015,5,political_violence,4,3.0,national,Uganda,ACLED via HDX
2015-06-01,2015,6,civilian_targeting,2,1.0,national,Uganda,ACLED via HDX
2015-06-01,2015,6,demonstrations,10,,national,Uganda,ACLED via HDX
2015-06-01,2015,6,political_violence,4,2.0,national,Uganda,ACLED via HDX
2015-07-01,2015,7,civilian_targeting,4,1.0,national,Uganda,ACLED via HDX
2015-07-01,2015,7,demonstrations,14,,national,Uganda,ACLED via HDX
2015-07-01,2015,7,political_violence,8,6.0,national,Uganda,ACLED via HDX
2015-08-01,2015,8,civilian_targeting,0,0.0,national,Uganda,ACLED via HDX
2015-08-01,2015,8,demonstrations,17,,national,Uganda,ACLED via HDX
2015-08-01,2015,8,political_violence,5,0.0,national,Uganda,ACLED via HDX
2015-09-01,2015,9,civilian_targeting,1,1.0,national,Uganda,ACLED via HDX
2015-09-01,2015,9,demonstrations,13,,national,Uganda,ACLED via HDX
2015-09-01,2015,9,political_violence,7,1.0,national,Uganda,ACLED via HDX
2015-10-01,2015,10,civilian_targeting,11,3.0,national,Uganda,ACLED via HDX
2015-10-01,2015,10,demonstrations,24,,national,Uganda,ACLED via HDX
2015-10-01,2015,10,political_violence,18,3.0,national,Uganda,ACLED via HDX
2015-11-01,2015,11,civilian_targeting,7,1.0,national,Uganda,ACLED via HDX
2015-11-01,2015,11,demonstrations,8,,national,Uganda,ACLED via HDX
2015-11-01,2015,11,political_violence,13,1.0,national,Uganda,ACLED via HDX
2015-12-01,2015,12,civilian_targeting,6,0.0,national,Uganda,ACLED via HDX
2015-12-01,2015,12,demonstrations,3,,national,Uganda,ACLED via HDX
2015-12-01,2015,12,political_violence,9,0.0,national,Uganda,ACLED via HDX
2016-01-01,2016,1,civilian_targeting,6,0.0,national,Uganda,ACLED via HDX
2016-01-01,2016,1,demonstrations,6,,national,Uganda,ACLED via HDX
2016-01-01,2016,1,political_violence,14,2.0,national,Uganda,ACLED via HDX
2016-02-01,2016,2,civilian_targeting,6,13.0,national,Uganda,ACLED via HDX
2016-02-01,2016,2,demonstrations,12,,national,Uganda,ACLED via HDX
2016-02-01,2016,2,political_violence,10,13.0,national,Uganda,ACLED via HDX
2016-03-01,2016,3,civilian_targeting,3,3.0,national,Uganda,ACLED via HDX
2016-03-01,2016,3,demonstrations,16,,national,Uganda,ACLED via HDX
2016-03-01,2016,3,political_violence,15,23.0,national,Uganda,ACLED via HDX
2016-04-01,2016,4,civilian_targeting,2,1.0,national,Uganda,ACLED via HDX
2016-04-01,2016,4,demonstrations,19,,national,Uganda,ACLED via HDX
2016-04-01,2016,4,political_violence,7,8.0,national,Uganda,ACLED via HDX
2016-05-01,2016,5,civilian_targeting,7,3.0,national,Uganda,ACLED via HDX
2016-05-01,2016,5,demonstrations,17,,national,Uganda,ACLED via HDX
2016-05-01,2016,5,political_violence,12,11.0,national,Uganda,ACLED via HDX
2016-06-01,2016,6,civilian_targeting,3,1.0,national,Uganda,ACLED via HDX
2016-06-01,2016,6,demonstrations,10,,national,Uganda,ACLED via HDX
2016-06-01,2016,6,political_violence,6,4.0,national,Uganda,ACLED via HDX
2016-07-01,2016,7,civilian_targeting,7,0.0,national,Uganda,ACLED via HDX
2016-07-01,2016,7,demonstrations,8,,national,Uganda,ACLED via HDX
2016-07-01,2016,7,political_violence,8,3.0,national,Uganda,ACLED via HDX
2016-08-01,2016,8,civilian_targeting,4,0.0,national,Uganda,ACLED via HDX
2016-08-01,2016,8,demonstrations,13,,national,Uganda,ACLED via HDX
2016-08-01,2016,8,political_violence,6,0.0,national,Uganda,ACLED via HDX
2016-09-01,2016,9,civilian_targeting,1,0.0,national,Uganda,ACLED via HDX
2016-09-01,2016,9,demonstrations,5,,national,Uganda,ACLED via HDX
2016-09-01,2016,9,political_violence,3,7.0,national,Uganda,ACLED via HDX
2016-10-01,2016,10,civilian_targeting,2,1.0,national,Uganda,ACLED via HDX
2016-10-01,2016,10,demonstrations,2,,national,Uganda,ACLED via HDX
2016-10-01,2016,10,political_violence,8,3.0,national,Uganda,ACLED via HDX
2016-11-01,2016,11,civilian_targeting,3,4.0,national,Uganda,ACLED via HDX
2016-11-01,2016,11,demonstrations,0,,national,Uganda,ACLED via HDX
2016-11-01,2016,11,political_violence,10,196.0,national,Uganda,ACLED via HDX
2016-12-01,2016,12,civilian_targeting,3,2.0,national,Uganda,ACLED via HDX
2016-12-01,2016,12,demonstrations,1,,national,Uganda,ACLED via HDX
2016-12-01,2016,12,political_violence,3,2.0,national,Uganda,ACLED via HDX
2017-01-01,2017,1,civilian_targeting,2,1.0,national,Uganda,ACLED via HDX
2017-01-01,2017,1,demonstrations,1,,national,Uganda,ACLED via HDX
2017-01-01,2017,1,political_violence,2,1.0,national,Uganda,ACLED via HDX
2017-02-01,2017,2,civilian_targeting,0,0.0,national,Uganda,ACLED via HDX
2017-02-01,2017,2,demonstrations,1,,national,Uganda,ACLED via HDX
2017-02-01,2017,2,political_violence,3,2.0,national,Uganda,ACLED via HDX
2017-03-01,2017,3,civilian_targeting,6,1.0,national,Uganda,ACLED via HDX
2017-03-01,2017,3,demonstrations,1,,national,Uganda,ACLED via HDX
2017-03-01,2017,3,political_violence,9,3.0,national,Uganda,ACLED via HDX
2017-04-01,2017,4,civilian_targeting,16,11.0,national,Uganda,ACLED via HDX
2017-04-01,2017,4,demonstrations,12,,national,Uganda,ACLED via HDX
2017-04-01,2017,4,political_violence,24,18.0,national,Uganda,ACLED via HDX
2017-05-01,2017,5,civilian_targeting,3,0.0,national,Uganda,ACLED via HDX
2017-05-01,2017,5,demonstrations,13,,national,Uganda,ACLED via HDX
2017-05-01,2017,5,political_violence,5,1.0,national,Uganda,ACLED via HDX
2017-06-01,2017,6,civilian_targeting,8,6.0,national,Uganda,ACLED via HDX
2017-06-01,2017,6,demonstrations,9,,national,Uganda,ACLED via HDX
2017-06-01,2017,6,political_violence,12,15.0,national,Uganda,ACLED via HDX
2017-07-01,2017,7,civilian_targeting,2,4.0,national,Uganda,ACLED via HDX
2017-07-01,2017,7,demonstrations,3,,national,Uganda,ACLED via HDX
2017-07-01,2017,7,political_violence,5,4.0,national,Uganda,ACLED via HDX
2017-08-01,2017,8,civilian_targeting,9,3.0,national,Uganda,ACLED via HDX
2017-08-01,2017,8,demonstrations,12,,national,Uganda,ACLED via HDX
2017-08-01,2017,8,political_violence,11,4.0,national,Uganda,ACLED via HDX
2017-09-01,2017,9,civilian_targeting,5,2.0,national,Uganda,ACLED via HDX
2017-09-01,2017,9,demonstrations,22,,national,Uganda,ACLED via HDX
2017-09-01,2017,9,political_violence,9,5.0,national,Uganda,ACLED via HDX
2017-10-01,2017,10,civilian_targeting,7,2.0,national,Uganda,ACLED via HDX
2017-10-01,2017,10,demonstrations,17,,national,Uganda,ACLED via HDX
2017-10-01,2017,10,political_violence,13,3.0,national,Uganda,ACLED via HDX
2017-11-01,2017,11,civilian_targeting,5,3.0,national,Uganda,ACLED via HDX
2017-11-01,2017,11,demonstrations,14,,national,Uganda,ACLED via HDX
2017-11-01,2017,11,political_violence,10,8.0,national,Uganda,ACLED via HDX
2017-12-01,2017,12,civilian_targeting,3,2.0,national,Uganda,ACLED via HDX
2017-12-01,2017,12,demonstrations,2,,national,Uganda,ACLED via HDX
2017-12-01,2017,12,political_violence,4,2.0,national,Uganda,ACLED via HDX
2018-01-01,2018,1,civilian_targeting,4,8.0,national,Uganda,ACLED via HDX
2018-01-01,2018,1,demonstrations,2,,national,Uganda,ACLED via HDX
2018-01-01,2018,1,political_violence,6,9.0,national,Uganda,ACLED via HDX
2018-02-01,2018,2,civilian_targeting,6,5.0,national,Uganda,ACLED via HDX
2018-02-01,2018,2,demonstrations,2,,national,Uganda,ACLED via HDX
2018-02-01,2018,2,political_violence,9,7.0,national,Uganda,ACLED via HDX
2018-03-01,2018,3,civilian_targeting,9,3.0,national,Uganda,ACLED via HDX
2018-03-01,2018,3,demonstrations,9,,national,Uganda,ACLED via HDX
2018-03-01,2018,3,political_violence,15,7.0,national,Uganda,ACLED via HDX
2018-04-01,2018,4,civilian_targeting,11,8.0,national,Uganda,ACLED via HDX
2018-04-01,2018,4,demonstrations,14,,national,Uganda,ACLED via HDX
2018-04-01,2018,4,political_violence,19,11.0,national,Uganda,ACLED via HDX
2018-05-01,2018,5,civilian_targeting,7,4.0,national,Uganda,ACLED via HDX
2018-05-01,2018,5,demonstrations,4,,national,Uganda,ACLED via HDX
2018-05-01,2018,5,political_violence,10,5.0,national,Uganda,ACLED via HDX
2018-06-01,2018,6,civilian_targeting,10,7.0,national,Uganda,ACLED via HDX
2018-06-01,2018,6,demonstrations,17,,national,Uganda,ACLED via HDX
2018-06-01,2018,6,political_violence,13,11.0,national,Uganda,ACLED via HDX
2018-07-01,2018,7,civilian_targeting,18,7.0,national,Uganda,ACLED via HDX
2018-07-01,2018,7,demonstrations,16,,national,Uganda,ACLED via HDX
2018-07-01,2018,7,political_violence,31,13.0,national,Uganda,ACLED via HDX
2018-08-01,2018,8,civilian_targeting,20,9.0,national,Uganda,ACLED via HDX
2018-08-01,2018,8,demonstrations,19,,national,Uganda,ACLED via HDX
2018-08-01,2018,8,political_violence,26,9.0,national,Uganda,ACLED via HDX
2018-09-01,2018,9,civilian_targeting,7,3.0,national,Uganda,ACLED via HDX
2018-09-01,2018,9,demonstrations,10,,national,Uganda,ACLED via HDX
2018-09-01,2018,9,political_violence,10,8.0,national,Uganda,ACLED via HDX
2018-10-01,2018,10,civilian_targeting,9,4.0,national,Uganda,ACLED via HDX
2018-10-01,2018,10,demonstrations,14,,national,Uganda,ACLED via HDX
2018-10-01,2018,10,political_violence,15,7.0,national,Uganda,ACLED via HDX
2018-11-01,2018,11,civilian_targeting,22,28.0,national,Uganda,ACLED via HDX
2018-11-01,2018,11,demonstrations,14,,national,Uganda,ACLED via HDX
2018-11-01,2018,11,political_violence,28,32.0,national,Uganda,ACLED via HDX
2018-12-01,2018,12,civilian_targeting,20,18.0,national,Uganda,ACLED via HDX
2018-12-01,2018,12,demonstrations,7,,national,Uganda,ACLED via HDX
2018-12-01,2018,12,political_violence,25,22.0,national,Uganda,ACLED via HDX
2019-01-01,2019,1,civilian_targeting,14,8.0,national,Uganda,ACLED via HDX
2019-01-01,2019,1,demonstrations,7,,national,Uganda,ACLED via HDX
2019-01-01,2019,1,political_violence,20,13.0,national,Uganda,ACLED via HDX
2019-02-01,2019,2,civilian_targeting,8,7.0,national,Uganda,ACLED via HDX
2019-02-01,2019,2,demonstrations,12,,national,Uganda,ACLED via HDX
2019-02-01,2019,2,political_violence,12,8.0,national,Uganda,ACLED via HDX
2019-03-01,2019,3,civilian_targeting,22,25.0,national,Uganda,ACLED via HDX
2019-03-01,2019,3,demonstrations,10,,national,Uganda,ACLED via HDX
2019-03-01,2019,3,political_violence,26,28.0,national,Uganda,ACLED via HDX
2019-04-01,2019,4,civilian_targeting,15,12.0,national,Uganda,ACLED via HDX
2019-04-01,2019,4,demonstrations,10,,national,Uganda,ACLED via HDX
2019-04-01,2019,4,political_violence,22,12.0,national,Uganda,ACLED via HDX
2019-05-01,2019,5,civilian_targeting,16,17.0,national,Uganda,ACLED via HDX
2019-05-01,2019,5,demonstrations,11,,national,Uganda,ACLED via HDX
2019-05-01,2019,5,political_violence,26,20.0,national,Uganda,ACLED via HDX
2019-06-01,2019,6,civilian_targeting,15,9.0,national,Uganda,ACLED via HDX
2019-06-01,2019,6,demonstrations,3,,national,Uganda,ACLED via HDX
2019-06-01,2019,6,political_violence,23,12.0,national,Uganda,ACLED via HDX
2019-07-01,2019,7,civilian_targeting,13,8.0,national,Uganda,ACLED via HDX
2019-07-01,2019,7,demonstrations,18,,national,Uganda,ACLED via HDX
2019-07-01,2019,7,political_violence,18,14.0,national,Uganda,ACLED via HDX
2019-08-01,2019,8,civilian_targeting,13,9.0,national,Uganda,ACLED via HDX
2019-08-01,2019,8,demonstrations,13,,national,Uganda,ACLED via HDX
2019-08-01,2019,8,political_violence,13,9.0,national,Uganda,ACLED via HDX
2019-09-01,2019,9,civilian_targeting,9,5.0,national,Uganda,ACLED via HDX
2019-09-01,2019,9,demonstrations,27,,national,Uganda,ACLED via HDX
2019-09-01,2019,9,political_violence,12,8.0,national,Uganda,ACLED via HDX
2019-10-01,2019,10,civilian_targeting,21,11.0,national,Uganda,ACLED via HDX
2019-10-01,2019,10,demonstrations,16,,national,Uganda,ACLED via HDX
2019-10-01,2019,10,political_violence,24,11.0,national,Uganda,ACLED via HDX
2019-11-01,2019,11,civilian_targeting,6,4.0,national,Uganda,ACLED via HDX
2019-11-01,2019,11,demonstrations,10,,national,Uganda,ACLED via HDX
2019-11-01,2019,11,political_violence,6,4.0,national,Uganda,ACLED via HDX
2019-12-01,2019,12,civilian_targeting,12,9.0,national,Uganda,ACLED via HDX
2019-12-01,2019,12,demonstrations,9,,national,Uganda,ACLED via HDX
2019-12-01,2019,12,political_violence,19,21.0,national,Uganda,ACLED via HDX
2020-01-01,2020,1,civilian_targeting,9,5.0,national,Uganda,ACLED via HDX
2020-01-01,2020,1,demonstrations,15,,national,Uganda,ACLED via HDX
2020-01-01,2020,1,political_violence,12,11.0,national,Uganda,ACLED via HDX
2020-02-01,2020,2,civilian_targeting,9,4.0,national,Uganda,ACLED via HDX
2020-02-01,2020,2,demonstrations,19,,national,Uganda,ACLED via HDX
2020-02-01,2020,2,political_violence,14,8.0,national,Uganda,ACLED via HDX
2020-03-01,2020,3,civilian_targeting,25,6.0,national,Uganda,ACLED via HDX
2020-03-01,2020,3,demonstrations,12,,national,Uganda,ACLED via HDX
2020-03-01,2020,3,political_violence,44,43.0,national,Uganda,ACLED via HDX
2020-04-01,2020,4,civilian_targeting,35,7.0,national,Uganda,ACLED via HDX
2020-04-01,2020,4,demonstrations,26,,national,Uganda,ACLED via HDX
2020-04-01,2020,4,political_violence,71,23.0,national,Uganda,ACLED via HDX
2020-05-01,2020,5,civilian_targeting,31,9.0,national,Uganda,ACLED via HDX
2020-05-01,2020,5,demonstrations,9,,national,Uganda,ACLED via HDX
2020-05-01,2020,5,political_violence,48,27.0,national,Uganda,ACLED via HDX
2020-06-01,2020,6,civilian_targeting,14,7.0,national,Uganda,ACLED via HDX
2020-06-01,2020,6,demonstrations,13,,national,Uganda,ACLED via HDX
2020-06-01,2020,6,political_violence,28,26.0,national,Uganda,ACLED via HDX
2020-07-01,2020,7,civilian_targeting,17,5.0,national,Uganda,ACLED via HDX
2020-07-01,2020,7,demonstrations,16,,national,Uganda,ACLED via HDX
2020-07-01,2020,7,political_violence,36,16.0,national,Uganda,ACLED via HDX
2020-08-01,2020,8,civilian_targeting,14,7.0,national,Uganda,ACLED via HDX
2020-08-01,2020,8,demonstrations,8,,national,Uganda,ACLED via HDX
2020-08-01,2020,8,political_violence,24,8.0,national,Uganda,ACLED via HDX
2020-09-01,2020,9,civilian_targeting,17,15.0,national,Uganda,ACLED via HDX
2020-09-01,2020,9,demonstrations,33,,national,Uganda,ACLED via HDX
2020-09-01,2020,9,political_violence,32,29.0,national,Uganda,ACLED via HDX
2020-10-01,2020,10,civilian_targeting,13,4.0,national,Uganda,ACLED via HDX
2020-10-01,2020,10,demonstrations,21,,national,Uganda,ACLED via HDX
2020-10-01,2020,10,political_violence,21,9.0,national,Uganda,ACLED via HDX
2020-11-01,2020,11,civilian_targeting,37,11.0,national,Uganda,ACLED via HDX
2020-11-01,2020,11,demonstrations,42,,national,Uganda,ACLED via HDX
2020-11-01,2020,11,political_violence,44,16.0,national,Uganda,ACLED via HDX
2020-12-01,2020,12,civilian_targeting,60,13.0,national,Uganda,ACLED via HDX
2020-12-01,2020,12,demonstrations,11,,national,Uganda,ACLED via HDX
2020-12-01,2020,12,political_violence,70,23.0,national,Uganda,ACLED via HDX
2021-01-01,2021,1,civilian_targeting,63,14.0,national,Uganda,ACLED via HDX
2021-01-01,2021,1,demonstrations,24,,national,Uganda,ACLED via HDX
2021-01-01,2021,1,political_violence,88,21.0,national,Uganda,ACLED via HDX
2021-02-01,2021,2,civilian_targeting,35,38.0,national,Uganda,ACLED via HDX
2021-02-01,2021,2,demonstrations,12,,national,Uganda,ACLED via HDX
2021-02-01,2021,2,political_violence,49,54.0,national,Uganda,ACLED via HDX
2021-03-01,2021,3,civilian_targeting,25,12.0,national,Uganda,ACLED via HDX
2021-03-01,2021,3,demonstrations,22,,national,Uganda,ACLED via HDX
2021-03-01,2021,3,political_violence,35,26.0,national,Uganda,ACLED via HDX
2021-04-01,2021,4,civilian_targeting,11,6.0,national,Uganda,ACLED via HDX
2021-04-01,2021,4,demonstrations,8,,national,Uganda,ACLED via HDX
2021-04-01,2021,4,political_violence,16,14.0,national,Uganda,ACLED via HDX
2021-05-01,2021,5,civilian_targeting,22,20.0,national,Uganda,ACLED via HDX
2021-05-01,2021,5,demonstrations,41,,national,Uganda,ACLED via HDX
2021-05-01,2021,5,political_violence,35,49.0,national,Uganda,ACLED via HDX
2021-06-01,2021,6,civilian_targeting,46,32.0,national,Uganda,ACLED via HDX
2021-06-01,2021,6,demonstrations,69,,national,Uganda,ACLED via HDX
2021-06-01,2021,6,political_violence,52,38.0,national,Uganda,ACLED via HDX
2021-07-01,2021,7,civilian_targeting,55,29.0,national,Uganda,ACLED via HDX
2021-07-01,2021,7,demonstrations,92,,national,Uganda,ACLED via HDX
2021-07-01,2021,7,political_violence,75,71.0,national,Uganda,ACLED via HDX
2021-08-01,2021,8,civilian_targeting,49,37.0,national,Uganda,ACLED via HDX
2021-08-01,2021,8,demonstrations,53,,national,Uganda,ACLED via HDX
2021-08-01,2021,8,political_violence,59,38.0,national,Uganda,ACLED via HDX
2021-09-01,2021,9,civilian_targeting,43,34.0,national,Uganda,ACLED via HDX
2021-09-01,2021,9,demonstrations,44,,national,Uganda,ACLED via HDX
2021-09-01,2021,9,political_violence,56,42.0,national,Uganda,ACLED via HDX
2021-10-01,2021,10,civilian_targeting,39,27.0,national,Uganda,ACLED via HDX
2021-10-01,2021,10,demonstrations,44,,national,Uganda,ACLED via HDX
2021-10-01,2021,10,political_violence,49,46.0,national,Uganda,ACLED via HDX
2021-11-01,2021,11,civilian_targeting,31,17.0,national,Uganda,ACLED via HDX
2021-11-01,2021,11,demonstrations,29,,national,Uganda,ACLED via HDX
2021-11-01,2021,11,political_violence,49,57.0,national,Uganda,ACLED via HDX
2021-12-01,2021,12,civilian_targeting,38,31.0,national,Uganda,ACLED via HDX
2021-12-01,2021,12,demonstrations,31,,national,Uganda,ACLED via HDX
2021-12-01,2021,12,political_violence,48,39.0,national,Uganda,ACLED via HDX
2022-01-01,2022,1,civilian_targeting,30,23.0,national,Uganda,ACLED via HDX
2022-01-01,2022,1,demonstrations,23,,national,Uganda,ACLED via HDX
2022-01-01,2022,1,political_violence,39,26.0,national,Uganda,ACLED via HDX
2022-02-01,2022,2,civilian_targeting,27,19.0,national,Uganda,ACLED via HDX
2022-02-01,2022,2,demonstrations,19,,national,Uganda,ACLED via HDX
2022-02-01,2022,2,political_violence,37,22.0,national,Uganda,ACLED via HDX
2022-03-01,2022,3,civilian_targeting,38,26.0,national,Uganda,ACLED via HDX
2022-03-01,2022,3,demonstrations,17,,national,Uganda,ACLED via HDX
2022-03-01,2022,3,political_violence,54,66.0,national,Uganda,ACLED via HDX
2022-04-01,2022,4,civilian_targeting,23,17.0,national,Uganda,ACLED via HDX
2022-04-01,2022,4,demonstrations,9,,national,Uganda,ACLED via HDX
2022-04-01,2022,4,political_violence,32,23.0,national,Uganda,ACLED via HDX
2022-05-01,2022,5,civilian_targeting,29,19.0,national,Uganda,ACLED via HDX
2022-05-01,2022,5,demonstrations,19,,national,Uganda,ACLED via HDX
2022-05-01,2022,5,political_violence,41,25.0,national,Uganda,ACLED via HDX
2022-06-01,2022,6,civilian_targeting,27,19.0,national,Uganda,ACLED via HDX
2022-06-01,2022,6,demonstrations,16,,national,Uganda,ACLED via HDX
2022-06-01,2022,6,political_violence,39,22.0,national,Uganda,ACLED via HDX
2022-07-01,2022,7,civilian_targeting,25,16.0,national,Uganda,ACLED via HDX
2022-07-01,2022,7,demonstrations,14,,national,Uganda,ACLED via HDX
2022-07-01,2022,7,political_violence,40,25.0,national,Uganda,ACLED via HDX
2022-08-01,2022,8,civilian_targeting,9,3.0,national,Uganda,ACLED via HDX
2022-08-01,2022,8,demonstrations,7,,national,Uganda,ACLED via HDX
2022-08-01,2022,8,political_violence,17,6.0,national,Uganda,ACLED via HDX
2022-09-01,2022,9,civilian_targeting,21,16.0,national,Uganda,ACLED via HDX
2022-09-01,2022,9,demonstrations,14,,national,Uganda,ACLED via HDX
2022-09-01,2022,9,political_violence,29,23.0,national,Uganda,ACLED via HDX
2022-10-01,2022,10,civilian_targeting,26,27.0,national,Uganda,ACLED via HDX
2022-10-01,2022,10,demonstrations,13,,national,Uganda,ACLED via HDX
2022-10-01,2022,10,political_violence,37,35.0,national,Uganda,ACLED via HDX
2022-11-01,2022,11,civilian_targeting,15,13.0,national,Uganda,ACLED via HDX
2022-11-01,2022,11,demonstrations,12,,national,Uganda,ACLED via HDX
2022-11-01,2022,11,political_violence,31,24.0,national,Uganda,ACLED via HDX
2022-12-01,2022,12,civilian_targeting,24,19.0,national,Uganda,ACLED via HDX
2022-12-01,2022,12,demonstrations,16,,national,Uganda,ACLED via HDX
2022-12-01,2022,12,political_violence,34,64.0,national,Uganda,ACLED via HDX
2023-01-01,2023,1,civilian_targeting,36,30.0,national,Uganda,ACLED via HDX
2023-01-01,2023,1,demonstrations,14,,national,Uganda,ACLED via HDX
2023-01-01,2023,1,political_violence,48,43.0,national,Uganda,ACLED via HDX
2023-02-01,2023,2,civilian_targeting,34,24.0,national,Uganda,ACLED via HDX
2023-02-01,2023,2,demonstrations,17,,national,Uganda,ACLED via HDX
2023-02-01,2023,2,political_violence,37,26.0,national,Uganda,ACLED via HDX
2023-03-01,2023,3,civilian_targeting,24,12.0,national,Uganda,ACLED via HDX
2023-03-01,2023,3,demonstrations,24,,national,Uganda,ACLED via HDX
2023-03-01,2023,3,political_violence,25,12.0,national,Uganda,ACLED via HDX
2023-04-01,2023,4,civilian_targeting,26,15.0,national,Uganda,ACLED via HDX
2023-04-01,2023,4,demonstrations,14,,national,Uganda,ACLED via HDX
2023-04-01,2023,4,political_violence,32,17.0,national,Uganda,ACLED via HDX
2023-05-01,2023,5,civilian_targeting,35,28.0,national,Uganda,ACLED via HDX
2023-05-01,2023,5,demonstrations,19,,national,Uganda,ACLED via HDX
2023-05-01,2023,5,political_violence,39,30.0,national,Uganda,ACLED via HDX
2023-06-01,2023,6,civilian_targeting,31,67.0,national,Uganda,ACLED via HDX
2023-06-01,2023,6,demonstrations,13,,national,Uganda,ACLED via HDX
2023-06-01,2023,6,political_violence,37,74.0,national,Uganda,ACLED via HDX
2023-07-01,2023,7,civilian_targeting,31,28.0,national,Uganda,ACLED via HDX
2023-07-01,2023,7,demonstrations,8,,national,Uganda,ACLED via HDX
2023-07-01,2023,7,political_violence,38,41.0,national,Uganda,ACLED via HDX
2023-08-01,2023,8,civilian_targeting,19,15.0,national,Uganda,ACLED via HDX
2023-08-01,2023,8,demonstrations,10,,national,Uganda,ACLED via HDX
2023-08-01,2023,8,political_violence,24,19.0,national,Uganda,ACLED via HDX
2023-09-01,2023,9,civilian_targeting,15,17.0,national,Uganda,ACLED via HDX
2023-09-01,2023,9,demonstrations,7,,national,Uganda,ACLED via HDX
2023-09-01,2023,9,political_violence,16,17.0,national,Uganda,ACLED via HDX
2023-10-01,2023,10,civilian_targeting,23,12.0,national,Uganda,ACLED via HDX
2023-10-01,2023,10,demonstrations,6,,national,Uganda,ACLED via HDX
2023-10-01,2023,10,political_violence,30,25.0,national,Uganda,ACLED via HDX
2023-11-01,2023,11,civilian_targeting,9,11.0,national,Uganda,ACLED via HDX
2023-11-01,2023,11,demonstrations,7,,national,Uganda,ACLED via HDX
2023-11-01,2023,11,political_violence,14,21.0,national,Uganda,ACLED via HDX
2023-12-01,2023,12,civilian_targeting,24,31.0,national,Uganda,ACLED via HDX
2023-12-01,2023,12,demonstrations,1,,national,Uganda,ACLED via HDX
2023-12-01,2023,12,political_violence,29,38.0,national,Uganda,ACLED via HDX
2024-01-01,2024,1,civilian_targeting,17,16.0,national,Uganda,ACLED via HDX
2024-01-01,2024,1,demonstrations,8,,national,Uganda,ACLED via HDX
2024-01-01,2024,1,political_violence,20,17.0,national,Uganda,ACLED via HDX
2024-02-01,2024,2,civilian_targeting,19,18.0,national,Uganda,ACLED via HDX
2024-02-01,2024,2,demonstrations,7,,national,Uganda,ACLED via HDX
2024-02-01,2024,2,political_violence,21,18.0,national,Uganda,ACLED via HDX
2024-03-01,2024,3,civilian_targeting,15,10.0,national,Uganda,ACLED via HDX
2024-03-01,2024,3,demonstrations,12,,national,Uganda,ACLED via HDX
2024-03-01,2024,3,political_violence,17,15.0,national,Uganda,ACLED via HDX
2024-04-01,2024,4,civilian_targeting,22,20.0,national,Uganda,ACLED via HDX
2024-04-01,2024,4,demonstrations,12,,national,Uganda,ACLED via HDX
2024-04-01,2024,4,political_violence,26,23.0,national,Uganda,ACLED via HDX
2024-05-01,2024,5,civilian_targeting,26,18.0,national,Uganda,ACLED via HDX
2024-05-01,2024,5,demonstrations,8,,national,Uganda,ACLED via HDX
2024-05-01,2024,5,political_violence,28,19.0,national,Uganda,ACLED via HDX
2024-06-01,2024,6,civilian_targeting,28,14.0,national,Uganda,ACLED via HDX
2024-06-01,2024,6,demonstrations,12,,national,Uganda,ACLED via HDX
2024-06-01,2024,6,political_violence,29,14.0,national,Uganda,ACLED via HDX
2024-07-01,2024,7,civilian_targeting,12,28.0,national,Uganda,ACLED via HDX
2024-07-01,2024,7,demonstrations,26,,national,Uganda,ACLED via HDX
2024-07-01,2024,7,political_violence,16,33.0,national,Uganda,ACLED via HDX
2024-08-01,2024,8,civilian_targeting,22,19.0,national,Uganda,ACLED via HDX
2024-08-01,2024,8,demonstrations,19,,national,Uganda,ACLED via HDX
2024-08-01,2024,8,political_violence,25,22.0,national,Uganda,ACLED via HDX
2024-09-01,2024,9,civilian_targeting,18,13.0,national,Uganda,ACLED via HDX
2024-09-01,2024,9,demonstrations,6,,national,Uganda,ACLED via HDX
2024-09-01,2024,9,political_violence,21,15.0,national,Uganda,ACLED via HDX
2024-10-01,2024,10,civilian_targeting,27,22.0,national,Uganda,ACLED via HDX
2024-10-01,2024,10,demonstrations,13,,national,Uganda,ACLED via HDX
2024-10-01,2024,10,political_violence,32,32.0,national,Uganda,ACLED via HDX
2024-11-01,2024,11,civilian_targeting,23,14.0,national,Uganda,ACLED via HDX
2024-11-01,2024,11,demonstrations,11,,national,Uganda,ACLED via HDX
2024-11-01,2024,11,political_violence,24,14.0,national,Uganda,ACLED via HDX
2024-12-01,2024,12,civilian_targeting,23,20.0,national,Uganda,ACLED via HDX
2024-12-01,2024,12,demonstrations,9,,national,Uganda,ACLED via HDX
2024-12-01,2024,12,political_violence,26,21.0,national,Uganda,ACLED via HDX
2025-01-01,2025,1,civilian_targeting,32,20.0,national,Uganda,ACLED via HDX
2025-01-01,2025,1,demonstrations,6,,national,Uganda,ACLED via HDX
2025-01-01,2025,1,political_violence,36,20.0,national,Uganda,ACLED via HDX
2025-02-01,2025,2,civilian_targeting,27,19.0,national,Uganda,ACLED via HDX
2025-02-01,2025,2,demonstrations,26,,national,Uganda,ACLED via HDX
2025-02-01,2025,2,political_violence,32,24.0,national,Uganda,ACLED via HDX
2025-03-01,2025,3,civilian_targeting,20,9.0,national,Uganda,ACLED via HDX
2025-03-01,2025,3,demonstrations,10,,national,Uganda,ACLED via HDX
2025-03-01,2025,3,political_violence,27,11.0,national,Uganda,ACLED via HDX
2025-04-01,2025,4,civilian_targeting,17,12.0,national,Uganda,ACLED via HDX
2025-04-01,2025,4,demonstrations,15,,national,Uganda,ACLED via HDX
2025-04-01,2025,4,political_violence,22,14.0,national,Uganda,ACLED via HDX
2025-05-01,2025,5,civilian_targeting,18,13.0,national,Uganda,ACLED via HDX
2025-05-01,2025,5,demonstrations,10,,national,Uganda,ACLED via HDX
2025-05-01,2025,5,political_violence,28,19.0,national,Uganda,ACLED via HDX
2025-06-01,2025,6,civilian_targeting,12,11.0,national,Uganda,ACLED via HDX
2025-06-01,2025,6,demonstrations,7,,national,Uganda,ACLED via HDX
2025-06-01,2025,6,political_violence,18,15.0,national,Uganda,ACLED via HDX
2025-07-01,2025,7,civilian_targeting,9,5.0,national,Uganda,ACLED via HDX
2025-07-01,2025,7,demonstrations,11,,national,Uganda,ACLED via HDX
2025-07-01,2025,7,political_violence,26,13.0,national,Uganda,ACLED via HDX
2025-08-01,2025,8,civilian_targeting,10,11.0,national,Uganda,ACLED via HDX
2025-08-01,2025,8,demonstrations,10,,national,Uganda,ACLED via HDX
2025-08-01,2025,8,political_violence,12,12.0,national,Uganda,ACLED via HDX
2025-09-01,2025,9,civilian_targeting,7,5.0,national,Uganda,ACLED via HDX
2025-09-01,2025,9,demonstrations,4,,national,Uganda,ACLED via HDX
2025-09-01,2025,9,political_violence,7,5.0,national,Uganda,ACLED via HDX
2025-10-01,2025,10,civilian_targeting,13,10.0,national,Uganda,ACLED via HDX
2025-10-01,2025,10,demonstrations,5,,national,Uganda,ACLED via HDX
2025-10-01,2025,10,political_violence,16,15.0,national,Uganda,ACLED via HDX
2025-11-01,2025,11,civilian_targeting,18,20.0,national,Uganda,ACLED via HDX
2025-11-01,2025,11,demonstrations,3,,national,Uganda,ACLED via HDX
2025-11-01,2025,11,political_violence,28,38.0,national,Uganda,ACLED via HDX
2025-12-01,2025,12,civilian_targeting,17,10.0,national,Uganda,ACLED via HDX
2025-12-01,2025,12,demonstrations,8,,national,Uganda,ACLED via HDX
2025-12-01,2025,12,political_violence,27,12.0,national,Uganda,ACLED via HDX
2026-01-01,2026,1,civilian_targeting,37,24.0,national,Uganda,ACLED via HDX
2026-01-01,2026,1,demonstrations,18,,national,Uganda,ACLED via HDX
2026-01-01,2026,1,political_violence,51,27.0,national,Uganda,ACLED via HDX
2026-02-01,2026,2,civilian_targeting,12,5.0,national,Uganda,ACLED via HDX
2026-02-01,2026,2,demonstrations,10,,national,Uganda,ACLED via HDX
2026-02-01,2026,2,political_violence,21,14.0,national,Uganda,ACLED via HDX
